title,content,description,publishedAt,source,url,Sentiment
[Removed],[Removed],[Removed],2025-01-06T14:00:10Z,[Removed],https://removed.com,Neutral
[Removed],[Removed],[Removed],2025-01-06T18:25:57Z,[Removed],https://removed.com,Neutral
[Removed],[Removed],[Removed],2025-01-06T19:46:00Z,[Removed],https://removed.com,Neutral
AMD’s Z2 handheld gaming chips are official — and not coming to a Steam Deck near you,"AMDs Z2 handheld gaming chips are official and not coming to a Steam Deck near you
AMDs Z2 handheld gaming chips are official and not coming to a Steam Deck near you
 / AMD initially said they woul… [+2981 chars]",AMD initially said they would come to the Steam Deck (and others) but Valve has categorically denied a Z2 Deck.,2025-01-06T19:45:00Z,The Verge,https://www.theverge.com/2025/1/6/24337300/amd-ryzen-z2-z2-extreme-z2-go,Neutral
"AMD announces ‘Fire Range’ and Ryzen AI Max, its most potent laptop chips yet","AMD announces Fire Range and Ryzen AI Max, its most potent laptop chips yet
AMD announces Fire Range and Ryzen AI Max, its most potent laptop chips yet
 / One includes AMDs most powerful integrated… [+2689 chars]","AMD’s new maxed-out laptop chips for gamers and creators are official, including Ryzen AI Max, Ryzen AI Max Plus, and “Fire Range” HX-series parts.",2025-01-06T19:45:00Z,The Verge,https://www.theverge.com/2025/1/6/24337025/amd-ryzen-ai-max-strix-halo-fire-range-9955hx3d,Positive
"Watch the NVIDIA CES 2025 press conference live: Monday, 9:30PM ET","If you click 'Accept all', we and our partners, including 238 who are part of the IAB Transparency &amp; Consent Framework, will also store and/or access information on a device (in other words, use … [+678 chars]","SAM YEH via Getty Images

It's hard to find a company that had a better 2024 than NVIDIA. Even after some choppiness in recent weeks, the chip giant's stock price finished last year up 178 percent, and its market cap of more than $3.3 trillion dollars — with…",2025-01-03T17:49:47Z,Yahoo Entertainment,https://consent.yahoo.com/v2/collectConsent?sessionId=1_cc-session_c6877908-0370-4718-b4d9-1af8900ea113,Neutral
HP announces mini PC and all-in-one desktop with Copilot Plus AI features,"HP announces mini PC and all-in-one desktop with Copilot Plus AI features
HP announces mini PC and all-in-one desktop with Copilot Plus AI features
 / HP has picked AMDs new Ryzen AI Max chips inst… [+3480 chars]",HP has a new mini PC and all-in-one-desktop PC that both have Copilot Plus support. HP has picked AMD and Intel chips for its latest Copilot Plus PCs.,2025-01-06T19:45:00Z,The Verge,https://www.theverge.com/2025/1/6/24334877/hp-all-in-one-desktop-mini-pc-copilot-plus-ai-microsoft,Neutral
Dell Will No Longer Make XPS Computers,"After ditching the traditional Dell XPS laptop look in favor of the polarizing design of the XPS 13 Plus released in 2022, Dell is killing the XPS branding that has become a mainstay for people seeki… [+1907 chars]","An anonymous reader quotes a report from Ars Technica: After ditching the traditional Dell XPS laptop look in favor of the polarizing design of the XPS 13 Plus released in 2022, Dell is killing the XPS branding that has become a mainstay for people seeking a …",2025-01-06T21:40:00Z,Slashdot.org,https://hardware.slashdot.org/story/25/01/06/2135241/dell-will-no-longer-make-xps-computers,Negative
Save a Whopping $400 With This Refurbished 13-inch M4 iPad Pro Deal,We don't think that it's at all controversial to say that we consider the M4 iPad Pro to be among the very best tablets you can buy today. But buying a true laptop replacement means spending laptop-l… [+1872 chars],If you bought a cellular M4 iPad Pro from Apple you'd pay an incredible $400 more than this refurbished model.,2025-01-06T16:22:42Z,CNET,https://www.cnet.com/deals/save-a-whopping-400-with-this-refurbished-13-inch-m4-ipad-pro-deal/,Positive
Apple's 1TB 14-inch MacBook Pro is available at a $220 discount today,"The 14-inch MacBook Pro with an upgraded M4 Pro chip and 1TB of storage is on sale for $2,179, delivering a $220 price cut off MSRP.
The $2,179 price is valid on the M4 Pro spec featuring a 14-core … [+1495 chars]","The 14-inch MacBook Pro with an upgraded M4 Pro chip and 1TB of storage is on sale for $2,179, delivering a $220 price cut off MSRP.Save $220 on this 1TB 14-inch MacBook Pro.The $2,179 price is valid on the M4 Pro spec featuring a 14-core CPU and 20-core GPU,…",2025-01-04T20:01:36Z,AppleInsider,https://appleinsider.com/articles/25/01/04/apples-1tb-14-inch-macbook-pro-is-available-at-a-220-discount-today,Neutral
"AMD says its new chip beats Apple’s M4, but here’s what it’s not telling you","AMD introduced a powerful new laptop chip today, the Ryzen AI Max. The company compared its new chip to Apples M4 line in several benchmarks, but theres a very important detail it left out.
The new … [+1883 chars]","AMD introduced a powerful new laptop chip today, the Ryzen AI Max. The company compared its new chip to Apple’s M4 line in several benchmarks, but there’s a very important detail it left out.



 more…",2025-01-06T20:33:30Z,9to5Mac,https://9to5mac.com/2025/01/06/amd-new-ryzen-ai-max-chip-apples-m4/,Positive
2 reasons why you should buy an Intel Arc GPU instead of AMD or Nvidia,"Intel is the third player in the duopolistic discrete GPU market. Graphics cards are more powerful than ever, but they're also way more expensive than prior generations. While price bumps are to be e… [+2285 chars]",Team Blue is offering some enticing GPUs for gamers.,2025-01-04T00:00:17Z,XDA Developers,https://www.xda-developers.com/reasons-why-intels-arc-gpus-are-better-than-amd-or-nvidia/,Neutral
AMD says its Ryzen AI Max CPU is faster than an RTX 4090 — is this the best AI mobile processor ever?,"AMD's unveiling of the new Ryzen 9 9950HX3D for desktop computers undoubtedly has a bunch of gamers and creators salivating, but there's also some huge mobile CPU news coming out of CES 2025.
While … [+5122 chars]","AMD is having a busy CES, announcing new CPUs and GPUs. The new Ryzen AI Max might be the most intriguing of all, especially since AMD claims it can outperform the RTX 4090 GPU in certain AI tasks. Here's what you need to know.",2025-01-06T19:45:10Z,Windows Central,https://www.windowscentral.com/hardware/cpu-gpu-components/amd-ryzen-ai-max-ces-announcement,Positive
This new RTX 5080 leak is starting to make me worry,"The packaging for Nvidia’s RTX 5080 was just leaked mere hours ahead of the official announcement of the RTX 50-series during CES 2025. The packaging confirms a couple of previous leaks, which is gre… [+2411 chars]",The packaging for Nvidia's RTX 5080 leaked out just hours before the official announcements. The card was also found listed for sale.,2025-01-06T13:59:52Z,Digital Trends,https://www.digitaltrends.com/computing/nvidia-rtx-5080-packaging-leaked/,Neutral
What speed to expect from M4 Ultra in the 2025 Mac Studio & Mac Pro,"Apple's high-performance Mac models, including the Mac Studio and Mac Pro, are expected to get a big upgrade in 2025. Here's how powerful we expect that they'll be.
The Mac upgrade to M4 chips in la… [+8730 chars]","Apple's high-performance Mac models, including the Mac Studio and Mac Pro, are expected to get a big upgrade in 2025. Here's how powerful we expect that they'll be.Mac Pro, Mac Studio, M4Mac Pro, Mac Studio, M4The Mac upgrade to M4 chips in late 2024 meant up…",2025-01-02T18:00:47Z,AppleInsider,https://appleinsider.com/articles/25/01/02/what-speed-to-expect-from-m4-ultra-in-the-2025-mac-studio-mac-pro,Positive
"Final Fantasy VII Rebirth PC Specs Revealed, But No Info On Steam Deck Verification Yet","Square Enix has revealed the PC specs for Final Fantasy VII Rebirth, and it features three default presets based on your setup. However, Square Enix still hasn't confirmed whether the game is verifie… [+2544 chars]","Square Enix has revealed the PC specs for Final Fantasy VII Rebirth, and it features three default presets based on your setup. However, Square Enix still hasn't confirmed whether the game is verified for Steam Deck.The specifications are rather reasonable, b…",2025-01-06T16:05:00Z,GameSpot,https://www.gamespot.com/articles/final-fantasy-vii-rebirth-pc-specs-revealed-but-no-info-on-steam-deck-verification-yet/1100-6528643/,Neutral
Lenovo LOQ Tower 17IRR9 review – A great family gaming PC,"DigitalTrends
Table of Contents
Table of Contents
Specs and pricing
Build quality and design
Thermals and cooling
Bloatware
Performance
Should you buy the Lenovo Loq Tower 17IRR9
PC gaming i… [+8961 chars]","Looking for a family desktop PC for light work and gaming? The Lenovo LOQ Tower 17IRR9 is a great fit, with plenty of performance and an approachable price.",2025-01-01T12:30:41Z,Digital Trends,https://www.digitaltrends.com/computing/lenovo-low-tower-17irr9-review/,Neutral
Blur Busters Open Source Display Initiative – Refresh Cycle Shaders,"CES 2025 Announcement from Blur Busters “Area51” UFO Lab – BBOSDI Version 1.01 – Initial Draft Version
Part 1: The CRT Simulation Breakthrough Leads to Plasma TV Simulation and CRT-VRR Experiments
… [+13967 chars]","CES 2025 Announcement from Blur Busters ""Area51"" UFO Lab - BBOSDI Version 1.01 - Initial Draft Version Part 1: The CRT Simulation Breakthrough Leads to Plasma TV Simulation and CRT-VRR Experiments With Blur Busters real-time CRT electron beam simulation break…",2025-01-05T04:09:21Z,Blurbusters.com,https://blurbusters.com/blur-busters-open-source-display-initiative-refresh-cycle-shaders/,Neutral
Overclockable AI CPUs? Intel's new flagship mobile chips offer a massive boost over previous generations.,"Intel had a busy 2024, dealing with faulty desktop CPUs while launching its AI-heavy Core Ultra 200V mobile processors at IFA in September. These CPUs for laptops were a direct answer to Qualcomm's m… [+3142 chars]","Intel unveiled a bunch of new mobile and desktop processors from the Core Ultra 2 Series at CES 2025, including some monster HX-series hardware that can be overclocked. Yes, it even has an NPU inside for AI work.",2025-01-06T14:21:50Z,Windows Central,https://www.windowscentral.com/hardware/cpu-gpu-components/intel-core-ultra-series-2-hx-announcement,Neutral
AMD’s new GPUs were a complete no-show at CES 2025,"AMD
Table of Contents
Table of Contents
Nothing but a brief mention
I expected more, not less
Into the unknown
Many awaited AMD’s CES 2025 keynote with bated breath. After all, the company was … [+5789 chars]","Despite the fact that everyone expected to learn more about AMD's RX 9000 series during CES 2025, the GPUs were a no-show.",2025-01-06T21:42:12Z,Digital Trends,https://www.digitaltrends.com/computing/amd-rx-9000-series-missing-from-ces-2025/,Neutral
"Amazon drops Apple's M4 16-inch MacBook Pro to $2,249 in latest sale","Amazon's deals for the New Year continue to trickle in, with today's latest markdown hitting Apple's current 16-inch MacBook Pro.
Pick up the standard 16-inch MacBook Pro in Space Black with an M4 P… [+740 chars]","Amazon's deals for the New Year continue to trickle in, with today's latest markdown hitting Apple's current 16-inch MacBook Pro.Save $250 on Apple's latest 16-inch MacBook Pro.Pick up the standard 16-inch MacBook Pro in Space Black with an M4 Pro chip for ju…",2025-01-02T23:58:29Z,AppleInsider,https://appleinsider.com/articles/25/01/02/amazon-drops-apples-m4-16-inch-macbook-pro-to-2249-in-latest-sale,Neutral
Intel’s new 24-core CPU proves it hasn’t forgotten about gaming laptops,"With the big Copilot+ push last year and Intel’s radically new Lunar Lake range, it’d be easy to assume Intel forgot about gaming laptops. CES 2025 proves the company didn’t.
Several months after th… [+2015 chars]","Don't worry, Intel hasn't forgotten about gamers. And it has a new monster 24-core laptop CPU to prove it.",2025-01-06T14:00:52Z,Digital Trends,https://www.digitaltrends.com/computing/intels-new-24-core-cpu-proves-it-hasnt-forgotten-about-gaming-laptops/,Neutral
"Qualcomm's latest Snapdragon X shakes up the $600 Windows laptop market, brings AI to everyone — Here's why Intel should be worried",Qualcomm has announced its new Snapdragon X chip in Las Vegas at the Consumer Electronics Show (CES) 2025. The new chip is the fourth addition to the Snapdragon X Series of Windows on Arm PC chips. T… [+9526 chars],"Qualcomm has entered the affordable $600 laptop market with its new 8-core Snapdragon X processor, which should shake up the budget-class Windows laptop space.",2025-01-06T16:01:30Z,Windows Central,https://www.windowscentral.com/hardware/laptops/qualcomm-snapdragon-x-ces2025,Positive
Qualcomm’s Snapdragon X wants to make Arm-powered PCs cheaper,"Last year, Qualcomm announced the Snapdragon X Elite chipset. This chipset was designed to go up against the Apple Silicon, creating Arm-powered Windows PCs. For the most part, most of the Snapdragon… [+1068 chars]","Qualcomm has announced its latest Snapdragon X chipset which should enable more affordable Arm-powered PCs in the future.
The post Qualcomm’s Snapdragon X wants to make Arm-powered PCs cheaper appeared first on Phandroid.",2025-01-06T16:00:52Z,Phandroid - News for Android,https://phandroid.com/2025/01/06/qualcomms-snapdragon-x-wants-to-make-arm-powered-pcs-cheaper/,Positive
Nvidia RTX 5060 laptop GPU beats 4060 laptop by over 30% in leaked benchmark — performance gap stretches almost to 70% with the RTX 3060 mobile,Nvidia CEO Jensen Huang will take the stage at CES 2025 in five days. Many expect the chipmaker to unveil the RTX 50 (Blackwell) desktop family and potentially even laptop models. The RTX 5060 laptop… [+2618 chars],"A screenshot shows the RTX 5060 mobile GPU in 3DMark, outperforming the RTX 4060 by 32%.",2025-01-01T17:44:47Z,Tom's Hardware UK,https://www.tomshardware.com/pc-components/gpus/nvidia-rtx-5060-laptop-gpu-beats-4060-laptop-by-over-30-percent-in-leaked-benchmark-performance-gap-stretches-almost-to-70-percent-with-the-rtx-3060-mobile,Positive
AMD is conceding to Nvidia with the RX 9070 XT and FSR 4,"AMD revealed its long-awaited RDNA 4 architecture at CES 2025, but it arrived with more of a thud and less of a bang. Although the new RX 9070 XT and RX 9070 could make the list of the best graphics … [+2814 chars]","AMD is giving up the flagship battle with Nvidia, but there's still plenty to get excited about with the new RX 9070 XT.",2025-01-06T19:45:45Z,Digital Trends,https://www.digitaltrends.com/computing/amd-rx-9070-gpus-ces-2025/,Positive
"Zasper: A Modern and Efficient Alternative to JupyterLab, Built in Go","High Performance IDE Massive concurrency Inspired by Jupyter
Zasper is an IDE designed from the ground up to support massive concurrency. It provides a minimal memory footprint, exceptional speed, a… [+3756 chars]",Supercharged IDE for Data Science. Contribute to zasper-io/zasper development by creating an account on GitHub.,2025-01-02T05:55:20Z,Github.com,https://github.com/zasper-io/zasper,Positive
"Acer drops ""women and casual gamers"" gimmick for RTX 4050 gaming laptop with new 14, 15, 16, and 17-inch Nitro variants","I'm a big advocate for 14-inch gaming laptops, especially in recent years with globetrotting travels to events like IFA in Berlin, where Acer had previously made a bizarre decision to market its last… [+4997 chars]","This all-white 14-inch gaming laptop switches up its marketing within Acer's entry-level range, featuring NVIDIA RTX 4050 GPUs.",2025-01-06T19:45:10Z,Windows Central,https://www.windowscentral.com/hardware/laptops/acer-nitro-v-gaming-laptops-ces-2025,Positive
Dell is getting rid of its Precision PCs. Here's what will replace them.,"Dell unveiled a massive collection of PCs and monitors at CES 2025. The company also unveiled a new naming structure for its devices. With new names flying around and AI PCs galore, there's a lot to … [+4566 chars]",Dell just announced it Dell Pro Max 14 and Dell Pro Max 16 at CES. The laptops pair the latest Intel Core Ultra Series 2 processor with powerful graphics and are among the first devices under Dell's new branding.,2025-01-06T19:45:00Z,Windows Central,https://www.windowscentral.com/hardware/laptops/dell-is-getting-rid-of-its-precision-pcs-heres-what-will-replace-them,Positive
The first Tokyo Xtreme Racer in 18 years lands on Steam early access this month,"There is not long to go until you can rev your engines once more with an all new Tokyo Xtreme Racer game.
The upcoming release - which will mark the first series title in 18 years - will make its St… [+1936 chars]",There is not long to go until you can rev your engines once more with an all new Tokyo Xtreme Racer game. Read more,2025-01-06T12:25:44Z,Eurogamer.net,https://www.eurogamer.net/the-first-tokyo-xtreme-racer-in-18-years-lands-on-steam-early-access-this-month,Positive
AMD’s Ryzen AI Max is a one-of-a-kind graphics and AI powerhouse,"Skip to contentType your search and hit enter
When you purchase through links in our articles, we may earn a small commission. This doesn't affect our editorial independence
.
AMD has launched wha… [+5435 chars]","AMD has launched what one executive called “the most advanced mobile X86 processor ever created” at CES 2025: The Ryzen AI Max and AI Max+, with absolutely massive capabilities to run graphics and AI workloads.




AMD is positioning this “Strix Halo” chip a…",2025-01-06T19:47:17Z,PCWorld,https://www.pcworld.com/article/2568079/amd-launches-ryzen-ai-max-a-graphics-and-ai-powerhouse.html,Positive
"CES 2025: The new tech we're expecting to see from Samsung, NVIDIA, LG and more in Las Vegas","If you click 'Accept all', we and our partners, including 238 who are part of the IAB Transparency &amp; Consent Framework, will also store and/or access information on a device (in other words, use … [+678 chars]","Time to get into the habit of writing ""2025"" instead of 2024, and the year may have just begun, but the Engadget team is already working hard for CES 2025. This weekend, many from the Engadget team will be flying to Las Vegas, where we’ll be covering tech’s b…",2025-01-03T20:22:37Z,Yahoo Entertainment,https://consent.yahoo.com/v2/collectConsent?sessionId=1_cc-session_407f1c3a-990c-4cff-9fb0-71199642f3eb,Neutral
"CES 2025: The press conferences and new tech we're expecting to see from Samsung, NVIDIA, LG and more","If you click 'Accept all', we and our partners, including 238 who are part of the IAB Transparency &amp; Consent Framework, will also store and/or access information on a device (in other words, use … [+678 chars]","We're here! The Engadget CES 2025 team has mostly arrived in Las Vegas, where we’ll be covering tech’s biggest annual conference. Our war room is open, the team has been seeing products and the coverage will ramp up in just a few short hours. Still, the show …",2025-01-06T00:56:24Z,Yahoo Entertainment,https://consent.yahoo.com/v2/collectConsent?sessionId=1_cc-session_d12ccc40-d297-486a-bdf6-cd9c96a15519,Neutral
"AMD's flagship Ryzen 9 9950X3D CPU thrashes Intel's best, and one exclusive feature makes all the difference","Calling the launch of AMD's Ryzen 7 9800X3D desktop CPU in November 2024 a success is an understatement; it sold out everywhere almost immediately, and it's still hard to find for a reasonable price … [+7670 chars]","AMD unveiled two new Ryzen 9 X3D desktop CPUs at CES 2025, with the flagship debuting ahead of any other chip on the market in terms of power. It also teased new RDNA 4 desktop GPUs, making it a great time to be a PC gamer.",2025-01-06T19:45:00Z,Windows Central,https://www.windowscentral.com/hardware/cpu-gpu-components/amd-ryzen-9-9950x3d-ces-announcement,Neutral
"What to expect from Nvidia, AMD, and Intel at CES 2025","Table of Contents
Table of Contents
What to expect from Intel at CES 2025
What to expect from AMD at CES 2025
What to expect from Nvidia at CES 2025
Qualcomm, laptops, monitors, and more
A lot … [+10286 chars]","Here are the potential big announcements to keep an eye on from Nvidia, AMD, Intel, and other computing brands at CES 2025.",2025-01-03T18:51:12Z,Digital Trends,https://www.digitaltrends.com/computing/ces-2025-what-to-expect-from-amd-nvidia-intel/,Neutral
This crazy RTX 4070 gaming laptop is uber cheap right now: $850,"Skip to contentType your search and hit enter
When you purchase through links in our articles, we may earn a small commission. This doesn't affect our editorial independence
.
A new year, a new ga… [+1534 chars]","A new year, a new gaming laptop. If your machine is lagging behind and unable to play the latest games at anything higher than potato settings, now is the time to upgrade!




Why? Because this HP Victus 16 is on sale for $850 at Best Buy right now, an absol…",2025-01-02T15:17:59Z,PCWorld,https://www.pcworld.com/article/2566790/this-crazy-rtx-4070-gaming-laptop-is-uber-cheap-right-now-850.html,Positive
The next generation of PC graphics will kick off at CES 2025,"Skip to contentType your search and hit enter
When you purchase through links in our articles, we may earn a small commission. This doesn't affect our editorial independence
.
The graphics card hy… [+7368 chars]","The graphics card hype train left the station weeks before CES 2025 kicks off in early January, with the launch of Intel’s $249 Arc B580 – the GPU we’ve begged for since the pandemic. But make no mistake: Intel decided to launch its second-gen Arc in December…",2025-01-02T11:30:00Z,PCWorld,https://www.pcworld.com/article/2556925/the-next-generation-of-pc-graphics-will-kick-off-at-ces-2025.html,Neutral
"The GPU, not the TPM, is the root of hardware DRM","Do you think streaming platforms and other entities that employ DRM schemes use the TPM in your computer to decrypt stuff? Well, the Free Software Foundation seems to think so, and adds Microsoft’s i… [+2515 chars]","Do you think streaming platforms and other entities that employ DRM schemes use the TPM in your computer to decrypt stuff? Well, the Free Software Foundation seems to think so, and adds Microsoft’s insistence on requiring a TPM for Windows 11 into the mix, bu…",2025-01-02T23:51:56Z,Osnews.com,https://www.osnews.com/story/141468/the-gpu-not-the-tpm-is-the-root-of-hardware-drm/,Neutral
Example of GPU-accelerated scientific computing with PyTorch,"Here's a fun little post I made because a friend asked me how PyTorch had things which were supported in the CUDA backend but not the MPS backend. I was once the sort of person who was on LessWrong, … [+9973 chars]","Published on January 1, 2025 11:01 PM GMTHere's a fun little post I made because a friend asked me how PyTorch had things which were supported in the CUDA backend but not the MPS backend. I was once the sort of person who was on LessWrong, would find the subj…",2025-01-01T23:01:04Z,Lesswrong.com,https://www.lesswrong.com/posts/zs5ZFtHmnCLBsd2A6/example-of-gpu-accelerated-scientific-computing-with-pytorch,Positive
Nvidia gives away five classic GPUs signed by CEO Jensen Huang personally — the first two are the GeForce 256 and GeForce 8800 Ultra,"Ahead of CES 2025, Nvidia is giving away five classic GPUs signed by CEO Jensen Huang. The trillion-dollar GPU giant has posted the first two GPU giveaways on X, featuring the GeForce 256 and GeForce… [+4171 chars]","Ahead of CES 2025, Nvidia is giving away five classic GPUs signed by CEO Jensen Huang.",2025-01-03T18:54:55Z,Tom's Hardware UK,https://www.tomshardware.com/pc-components/gpus/nvidia-gives-away-five-classic-gpus-signed-by-ceo-jensen-huang-personally-the-first-two-are-the-geforce-256-and-geforce-8800-ultra,Positive
Nvidia launches retro GPU giveaway ahead of CES,"Editor's take: In a nostalgic nod to its roots ahead of CES 2025, Nvidia has launched a giveaway campaign offering fans a chance to win five iconic GPUs from its storied history. The first prize is t… [+2766 chars]","The GeForce Greats competition kicked off with a post on X as Nvidia unveiled a framed GeForce 256 graphics card, complete with its original box, bearing the signature of CEO Jensen Huang. This piece of computing history, dating back to 1999, marks the beginn…",2025-01-03T11:56:00Z,TechSpot,https://www.techspot.com/news/106183-nvidia-launches-retro-gpu-giveaway-ahead-ces.html,Positive
Intel releases new GPU driver with Core N-series support and fixes for B-series GPUs,Intel has released a new graphics driver under versions 32.0101.6449 WHQL and 32.0101.6256 WHQL. It adds support for the upcoming Intel Core Processor N-series (their specs recently leaked in all det… [+4296 chars],Intel has a new graphics driver with support and optimizations for the refreshed Core Processor N-series chips and fixes for the B-series graphics cards. Read more...,2025-01-03T10:20:01Z,Neowin,https://www.neowin.net/news/intel-releases-new-gpu-driver-with-core-n-series-support-and-fixes-for-b-series-gpus/,Positive
AMD just gave us our first look at the Radeon RX 9070 XT and RX 9070 RDNA 4 GPUs and I am officially whelmed,"CES 2025 is officially underway, and the first of our big GPU hitters has broken ranks. Sort of. AMD's RDNA 4 graphics cards have long been anticipated, and now we've been given a preview of what to … [+3090 chars]","A preview rather than a full-on announcement, but it's a brief look at the next-gen GPU competition at least.",2025-01-06T19:46:10Z,PC Gamer,https://www.pcgamer.com/hardware/amd-just-gave-us-our-first-look-at-the-radeon-rx-9070-xt-and-rx-9070-rdna-4-gpus-and-i-am-officially-whelmed/,Positive
Lenovo LOQ 15 review: A solid entry-level gaming laptop,"Skip to contentType your search and hit enter
When you purchase through links in our articles, we may earn a small commission. This doesn't affect our editorial independence
.
At a glance<ul><li>A… [+14704 chars]","At a glanceExpert's Rating


Pros

<ul>
<li>A gaming laptop for $800</li>



<li>Lots of ports</li>



<li>Good build quality for the price range</li>
</ul>





Cons

<ul>
<li>Entry-level GPU</li>



<li>Slow CPU performance</li>



<li>Very low battery …",2025-01-03T14:00:00Z,PCWorld,https://www.pcworld.com/article/2565554/lenovo-loq-15-review-2.html,Neutral
Intel Claims Its Latest Arrow Lake Chips Boost Gaming Performance Beyond Gaming,"After a tumultuous 2024, Intel has much to do if it wants to regain its groove. The chipmakers first act of the new year is to unveil a wealth of new chips designed for enterprise and gaming laptops … [+3563 chars]",The new Intel Core Ultra 200H and 200HX in the Arrow Lake lineup are set to improve CPU performance for gaming and business laptops.,2025-01-06T14:00:34Z,Gizmodo.com,https://gizmodo.com/intel-claims-its-latest-arrow-lake-chips-boost-gaming-performance-beyond-gaming-2000544451,Positive
DF Weekly: What does the Switch 2 motherboard leak say about system performance?,"After a one week hiatus, Digital Foundry Direct Weekly returns! The truth is, we were hoping to rest the show for a second week but the barrage of Switch 2 leaks and news put paid to our plans to mor… [+8997 chars]","After a one week hiatus, Digital Foundry Direct Weekly returns! The truth is, we were hoping to rest the show for a second week but the barrage of Switch 2 leaks and news put paid to our plans to more casually ease ourselves into 2025. Kicking off the show is…",2025-01-06T16:00:00Z,Eurogamer.net,https://www.eurogamer.net/digitalfoundry-2025-df-weekly-what-does-the-switch-2-motherboard-leak-say-about-system-performance,Neutral
HP's new EliteBook Ultra is the true successor to the Dragonfly,"CES 2025 is here, and HP is bringing the heat with a new range of business laptops including a brand-new EliteBook Ultra powered by Intel Lunar Lake, which is very different from the Qualcomm model l… [+8757 chars]","HP is introducing new EliteBook laptops, workstations, and new desktop PCs for the home. Here's everything coming out of CES 2025.",2025-01-06T19:45:17Z,XDA Developers,https://www.xda-developers.com/hp-elitebook-ultra-g1i-ces-2025/,Positive
What Do You Want to See From Ubuntu in 2025?,"A new year has started, and who knows what kind of innovations and improvements it holds for for Ubuntu, which remains the world’s most used desktop Linux operating system.
We get 2 new releases of … [+3232 chars]","A new year has started, and who knows what kind of innovations and improvements it holds for for Ubuntu, which remains the world’s most used desktop Linux operating system. We get 2 new releases of Ubuntu each year, one in April and one in October. Plus, new …",2025-01-01T21:03:29Z,Omgubuntu.co.uk,https://www.omgubuntu.co.uk/2025/01/what-do-you-want-to-see-from-ubuntu-in-2025,Positive
Nvidia GeForce RTX 5080 appears to leak ahead of possible CES 2025 announcement,"<ul><li>Images purporting to be of the MSI Gaming Trio RTX 5080 appear online – but are quickly deleted</li><li>The images, if legitimate, support rumors that the RTX 5080 graphics card will be the f… [+2877 chars]",The retail packaging for the MSI Gaming Trio RTX 5080 appears to have leaked online.,2025-01-02T22:05:48Z,TechRadar,https://www.techradar.com/computing/gpu/nvidia-geforce-rtx-5080-appears-to-leak-ahead-of-possible-ces-2025-announcement,Neutral
"AMD announces Ryzen Z2 series processors for handhelds — more performance, better efficiency, coming soon","AMD announced the new Ryzen Z2 series of processors today at CES 2025, mostly ticking the boxes for what we already expected to see. The parts will launch during Q1 2025, with three models available.… [+2323 chars]","AMD announced its upcoming Ryzen Z2 line of processors at CES 2025, with the halo Z2 Extreme sporting an 8-core, 16-thread CPU and a 16 CU RDNA 3.5 GPU. The other two models are a step down in various ways and full specifications aren't yet available.",2025-01-06T20:39:32Z,Tom's Hardware UK,https://www.tomshardware.com/pc-components/cpus/amd-announces-ryzen-z2-series-processors-for-handhelds-more-performance-better-efficiency-coming-soon,Positive
"Deals: Apple Watch Series 10 $103 off, M4 Pro MacBook Pro $250 off, iPhone 16 cases, chargers, more","Alongside ongoing deals on M4 iPad Pro models at up to $300 off and a return all-time low on Twelve Souths awesome Find My wall charger, we have a new set of offers to take us into the weekend today.… [+4075 chars]","Alongside ongoing deals on models at up to $300 off and a return all-time low on Twelve South’s awesome Find My wall charger, we have a new set of offers to take us into the weekend today. Firstly, you’ll find open-box Apple Watch Series 10 models with full A…",2025-01-03T16:47:29Z,9to5Mac,https://9to5mac.com/2025/01/03/deals-apple-watch-series-10-m4-pro-macbook-pro/,Positive
"Deals: M4 iPad Pro $300 off, iPhone 15 Pro $470 off, Apple Watch, Twelve South PlugBug with Find My, more","A new year is here and we have a fresh batch of deals to scope out too. Alongside ongoing price drops across the Apple Watch Series 10 lineup, we are also now tracking up to $300 off select M4 iPad P… [+4365 chars]","A new year is here and we have a fresh batch of deals to scope out too. Alongside ongoing price drops across the Apple Watch Series 10 lineup, we are also now tracking up to as well as even lower pricing on Amazon premium renewed iPhone 15 Pro units at up to …",2025-01-02T16:45:19Z,9to5Mac,https://9to5mac.com/2025/01/02/deals-m4-ipad-pro-twelve-south-find-my/,Neutral
"Deals: AirPods Max up to $217 off, M4/Pro MacBook Pro up to $220 off, AirTags at $17.50 each, more","Alongside a host of exciting (and weird) new tech from CES 2025, we have a fresh batch of deals to scope out today. The Burton Goods Winter Clearance sale with up to 50% off its wonderful leather App… [+4940 chars]","Alongside a host of exciting (and weird) new tech from CES 2025, we have a fresh batch of deals to scope out today. The Burton Goods Winter Clearance sale with up to 50% off its wonderful leather Apple accessories is now live but we are also tracking M4 MacBo…",2025-01-06T16:45:16Z,9to5Mac,https://9to5mac.com/2025/01/06/deals-airpods-max-m4-pro-macbook-pro-airtags/,Positive
ByteDance devising $7bn cloud-based GPU strategy,"If you click 'Accept all', we and our partners, including 238 who are part of the IAB Transparency &amp; Consent Framework, will also store and/or access information on a device (in other words, use … [+678 chars]",,2025-01-02T12:52:24Z,Yahoo Entertainment,https://consent.yahoo.com/v2/collectConsent?sessionId=1_cc-session_77f0ab42-5770-4eb2-9315-f4f95125c6a1,Neutral
"Acer brings AI goodness to CES 2025 with new laptops, AIOs, and a mini PC","Summary
<ul><li>
 Acer announces new AI laptops Swift Go 16 AI and 14 AI with NPU, Windows 11, and Copilot+
 </li><li>
 Budget Aspire 14 AI laptops feature Intel processors, priced at $799
 </li… [+5543 chars]","Acer's range of CES 2025 products include Copilot+ laptops and AIO desktops, Wi-Fi dongles, and a compact PC weighing in at just 0.5kg.",2025-01-06T19:45:17Z,XDA Developers,https://www.xda-developers.com/acer-ai-copilot-pcs/,Neutral
Intel’s Core Ultra CPUs finally hit high-performance gaming laptops,"Skip to contentType your search and hit enter
When you purchase through links in our articles, we may earn a small commission. This doesn't affect our editorial independence
.
After a controversia… [+8352 chars]","After a controversial launch on the desktop, Intel is debuting its Arrow Lake processor for laptops here at CES 2025, hoping that the chip’s emphasis on low power has a more welcome reception. It’s the first time the Core Ultra branding has been rolled out fo…",2025-01-06T14:00:00Z,PCWorld,https://www.pcworld.com/article/2568168/intel-debuts-arrow-lake-for-laptops-with-core-h-hx-chips.html,Neutral
AMD’s Radeon RX 9070 and RDNA 4 embrace the AI revolution,"Skip to contentType your search and hit enter
When you purchase through links in our articles, we may earn a small commission. This doesn't affect our editorial independence
.
The rumors were true… [+3561 chars]","The rumors were true! AMD unveiled the Radeon RX 9070 and 9070 XT during the company’s CES 2025 keynote on Monday, powered by the next-generation RDNA 4 architecture with a new AI-focused version of FSR (FidelityFX Super Resolution) in tow.




Gamers hoping…",2025-01-06T19:45:29Z,PCWorld,https://www.pcworld.com/article/2568373/amds-radeon-rx-9070-and-rdna-4-embrace-the-ai-revolution.html,Neutral
Intel and AMD will battle for gaming CPU supremacy at CES 2025,"Skip to contentType your search and hit enter
When you purchase through links in our articles, we may earn a small commission. This doesn't affect our editorial independence
.
CES doesn’t just int… [+9319 chars]","CES doesn’t just introduce the world to a new generation of consumer electronics, but new PC hardware as well. CES 2025 should be the opportunity for both Intel and AMD to launch new mobile processors for 2025 laptops, with possibly Qualcomm discussing new PC…",2025-01-03T11:30:00Z,PCWorld,https://www.pcworld.com/article/2566341/intel-and-amd-will-battle-for-gaming-cpu-supremacy-at-ces-2025.html,Positive
Arrow Lake-H powered LG Gram Pro 17 2025 allegedly tested and torn down — Reviewer disassembles the machine and reports that Blackwell RTX 5050 GPUs are expected to arrive in May,"As we brace ourselves for the slew of products set to be revealed at CES, Korean TechTuber Autogear claims to have disassembled the upcoming LG Gram Pro 17 2025 ahead of launch (via Harukaze at X). T… [+2216 chars]",The upcoming LG Gram Pro 17 2025 has been taken apart by a reviewer ahead of launch.,2025-01-05T14:17:29Z,Tom's Hardware UK,https://www.tomshardware.com/pc-components/cpus/arrow-lake-h-powered-lg-gram-pro-17-2025-allegedly-tested-and-torn-down-reviewer-disassembles-the-machine-and-reports-that-blackwell-rtx-5050-gpus-are-expected-to-arrive-in-may,Neutral
"Power wire-less motherboards pump 1,500W over 50-pin connector — BTF3.0 standard envisions zero cables between the motherboard, GPU, and power supply","DIY-APE has reached an important milestone in developing the back-plug ecosystem for PC DIYers. BTF3.0 (via Uniko's Hardware) is designed so that no cabling is needed between your PSU, motherboard, o… [+2917 chars]",DIY-APE has reached an important milestone in its development of a back-plug ecosystem for PC DIYers.,2025-01-02T17:50:56Z,Tom's Hardware UK,https://www.tomshardware.com/pc-components/power-wire-less-motherboards-pump-1-500w-over-50-pin-connector-btf3-0-standard-envisions-zero-cables-between-the-motherboard-gpu-and-power-supply,Positive
Lenovo ThinkPad X1 Carbon Gen 13 review: best ThinkPad yet?,"Table of Contents
Table of Contents
Specs and configuration
Design
Keyboard and touchpad
Connectivity and webcam
Performance
Battery life
Display and audio
Is the ThinkPad X1 Carbon Gen 13 w… [+12276 chars]","The Lenovo ThinkPad X1 Carbon Gen 13 is an excellent laptop at a high price. It's best suited for ThinkPad fans, and it's the best ever for them.",2025-01-05T18:00:05Z,Digital Trends,https://www.digitaltrends.com/computing/lenovo-thinkpad-x1-carbon-gen-13-review/,Neutral
Apple M5 silicon could ditch unified memory for split CPU and GPU designs,Rumor mill: Reports are emerging about some wild changes coming to Apple's next-gen M5 chips. One of these is the lineup ditching the unified architecture that's been a signature of Apple silicon so … [+2338 chars],"The claim comes from analyst Ming-Chi Kuo. He says that all M5 variants, including the base M5, M5 Pro, M5 Max, and M5 Ultra, will be fabricated on TSMC's advanced 3nm N3P process node. That's a change from the current M4 and A18 Bionic chips that use the sli…",2025-01-01T13:37:00Z,TechSpot,https://www.techspot.com/news/106159-apple-m5-silicon-rumored-ditch-unified-memory-split.html,Neutral
Notes on the New Deepseek v3,"Deepseek released their flagship model, v3, a 607B mixture-of-experts model with 37B active parameters. Currently, it is the best open-source model, beating Llama 3.1 405b, Qwen, and Mistral. It is o… [+13032 chars]","In this blog we go thorough the new Deepseek v3 and compare it with GPT-4o and 3.5 Sonnet across reasoning, math, coding, & writing tasks.",2025-01-02T16:30:25Z,Composio.dev,https://composio.dev/blog/notes-on-new-deepseek-v3/,Positive
"Intel announces new Core Ultra 200 series mobile CPUs at CES 2025, targeting enthusiasts and edge users","Intel announced its latest series of mobile processors at CES 2025, the Intel Core Ultra 200HX series, the Core Ultra 200H series, and the Core Ultra 200U series, targeting enthusiasts, premium, and … [+8067 chars]","Intel's latest mobile processors were announced at CES 2025 this week, but are they enough to dethrone Lunar Lake?",2025-01-06T14:00:00Z,TechRadar,https://www.techradar.com/computing/cpu/intel-announces-new-core-ultra-200-series-mobile-cpus-at-ces-2025-targeting-enthusiasts-and-edge-users,Positive
Qualcomm unveils new Snapdragon X chip for $600 Copilot+ PCs,"With various deals and special offers, Copilot+ PCs with Snapdragon processors are already much more affordable than initially. However, Qualcomm wants to lower the price tag even more and bring its … [+1907 chars]",Qualcomm has announced a new Snapdragon X processor that brings the price of Copilot+ PCs all the way down to $600. Read more...,2025-01-06T16:46:01Z,Neowin,https://www.neowin.net/news/qualcomm-unveils-new-snapdragon-x-chip-for-600-copilot-pcs/,Positive
"Huawei Enjoy 70X announced with satellite connectivity and 6,100 mAh battery","Huawei took the wraps off its latest Enjoy 70 series device today in China with the Enjoy 70X. This is a midrange offering with a sleek design and a massive 6,100 mAh battery, which supports 40W wire… [+1543 chars]","Huawei took the wraps off its latest Enjoy 70 series device today in China with the Enjoy 70X. This is a midrange offering with a sleek design and a massive 6,100 mAh battery, which supports 40W wired charging.




Enjoy 70X in Snow White and Spruce Green

En…",2025-01-03T14:01:01Z,GSMArena.com,https://www.gsmarena.com/huawei_enjoy_70x_announced_with_satellite_connectivity_and_6100_mah_battery_-news-65953.php,Positive
How to watch Nvidia’s big RTX 50-series GPU launch,"If you click 'Accept all', we and our partners, including 238 who are part of the IAB Transparency &amp; Consent Framework, will also store and/or access information on a device (in other words, use … [+678 chars]",,2025-01-06T00:00:50Z,Yahoo Entertainment,https://consent.yahoo.com/v2/collectConsent?sessionId=1_cc-session_60f72b2b-84f3-4eaf-a114-37822d4ca4aa,Neutral
NVIDIA’s RTX 5090 will supposedly have a monstrous 575W TDP,"The RTX 5090 and RTX 5080 are receiving their final updates. According to two highly reliable leakers, the RTX 5090 is officially a 575W TDP model, confirming that the new SKU requires significantly … [+1057 chars]","The RTX 5090 and RTX 5080 are receiving their final updates. According to two highly reliable leakers, the RTX 5090 is officially a 575W TDP model, confirming that the new SKU requires significantly more power than its predecessor, the RTX 4090 with TDP of 45…",2025-01-03T21:49:25Z,Osnews.com,https://www.osnews.com/story/141476/nvidias-rtx-5090-will-supposedly-have-a-monstrous-575w-tdp/,Neutral
The New HP Omen 35L RTX 4060 Ti Gaming PC Drops to $999.99 at Best Buy,"To kick off the new year, Best Buy is offering an HP Omen 35L RTX 4060 Ti gaming PC for only $999.99 after a $500 off instant discount. This price drop matches one of the most popular prebuilt gaming… [+2654 chars]",Matches Black Friday pricing.,2025-01-02T19:45:00Z,IGN,https://www.ign.com/articles/best-hp-omen-35l-gaming-pc-deal-rtx-4060-ti,Positive
Windows 11 might soon be more helpful in letting you know how powerful your PC actually is – I just hope this planned feature is better than Microsoft’s past efforts,<ul><li>Windows 11 has got new spec ‘cards’ and a hardware FAQ in testing</li><li>These elements are designed to help you easily see how powerful your PC is</li><li>They are already present in Window… [+3419 chars],Confused about your PC spec and how fast the machine really is? Windows 11 could come to the rescue with new spec ‘cards’ and a FAQ.,2025-01-06T17:11:33Z,TechRadar,https://www.techradar.com/computing/windows/windows-11-might-soon-be-more-helpful-in-letting-you-know-how-powerful-your-pc-actually-is-i-just-hope-this-planned-feature-is-better-than-microsofts-past-efforts,Positive
Intel announces new mobile Core Ultra 200HX Series processors to power the next generation of gaming laptops,"Intel has announced the new Core Ultra 200HX and 200H laptop chips here at CES 2025. The HX parts are the most interesting to PC gamers, as the chips most likely to power your next gaming laptop, so … [+5088 chars]",New Arrow Lake chips likely to land in gaming laptops near you in the next couple months.,2025-01-06T17:04:44Z,PC Gamer,https://www.pcgamer.com/hardware/processors/intel-announces-new-mobile-core-ultra-200hx-series-processors-to-power-the-next-generation-of-gaming-laptops/,Positive
Nvidia’s CES surprise gets spoiled as RTX 5090 accidentally leaked - and it’s a monster,<ul><li>A new leak may have confirmed Nvidia's RTX 5090 using 32GB of VRAM</li><li>It comes from Inno3D's product box image acquired by VideoCardz</li><li>An official reveal is now hours away</li></u… [+1866 chars],"We're just hours away from an official RTX 5090 reveal, but we've just had our first look thanks to an Inno3D leak.",2025-01-06T15:09:51Z,TechRadar,https://www.techradar.com/computing/gpu/nvidias-ces-surprise-gets-spoiled-as-rtx-5090-accidentally-leaked-and-its-a-monster,Neutral
"Intel Battlemage and Arc B-series GPUs: Specifications, release dates, pricing, and everything we know","Intel officially announced the Arc B580 and B570 'Battlemage' GPUs on December 3, 2024. The Arc B580 launched on December 13, delivering a potent blend of performance, features, and value — and it's … [+27702 chars]","Intel officially announced its first two budget-mainstream Battlemage GPUs, the Arc B580 and Arc B570, but they're only the first salvo. The new architecture offers performance and efficiency improvements that should give Nvidia some much-needed competition, …",2025-01-06T12:00:29Z,Tom's Hardware UK,https://www.tomshardware.com/pc-components/gpus/intel-battlemage-arc-b-series-gpus-everything-we-know,Positive
iHTP M.2 2280 NVMe Cooler Review: The best SSD heatsink only costs $6.99,"It has been a while since I’ve tested SSD heatsinks, but recently I saw iHTP’s m.2 2280 NVMe cooler on Amazon for only $6.99 and at first glance it looked rather impressive – so I impulse bought it f… [+7953 chars]",iHTP’s NVMe SSD cooler performs very well. We tested it with both air and liquid cooling systems to judge its thermal performance.,2025-01-01T13:00:00Z,Tom's Hardware UK,https://www.tomshardware.com/pc-components/heatsinks/ihtp-m-2-2280-nvme-cooler-review,Positive
"Nvidia is giving away 5 classic Jensen-signed GeForce cards if you tweet to build hype for its CES 2025 briefing, and its first choice is almost older than me","Nvidia has a long history in the PC gaming space and it's leveraging every inch of that for its briefing at CES this year, one of the world's biggest technology conferences. All of this is presumably… [+3032 chars]",Sorry for making you feel ancient.,2025-01-03T12:16:26Z,PC Gamer,https://www.pcgamer.com/hardware/graphics-cards/nvidia-is-giving-away-5-classic-jensen-signed-geforce-cards-if-you-tweet-to-build-hype-for-its-ces-2025-briefing-and-its-first-choice-is-almost-older-than-me/,Positive
Qualcomm Snapdragon X Chip Brings Copilot+ PCs To $600 Range,"Qualcomm Snapdragon X Platform
Qualcomm
Qualcomm Snapdragon X Plus and X Elite have been surprisingly good since their launch last year. Ive used a couple of Snapdragon X Elite PCs and was impresse… [+2254 chars]","Qualcomm's new Snapdragon X Platform brings power and efficiency to $600 laptops, scheduled to launch in the coming months.",2025-01-06T16:38:17Z,Forbes,https://www.forbes.com/sites/prakharkhanna/2025/01/06/qualcomm-snapdragon-x-chip-brings-copilot-pcs-to-600-range/,Positive
UK chipmaker Imagination Technologies up for sale — UKCT accuses current owners of stripping the company of its key technologies,"British GPU and AI processing company Imagination Technologies has reportedly been put up for sale by its current owner, Canyon Bridge Capital Partners. According to a Bloomberg report, Canyon Bridge… [+2653 chars]",China-backed Canyon Bridge is putting up British chipmaker Imagination Technologies on the market — hopes to find an interested buyer for the company with the continued market interest in AI.,2025-01-06T13:54:44Z,Tom's Hardware UK,https://www.tomshardware.com/tech-industry/uk-chipmaker-imagination-technologies-up-for-sale-ukct-accuses-current-owners-of-stripping-the-company-of-its-key-technologies,Neutral
"This Lenovo Legion Pro 7i RTX 4080 gaming laptop is now only $2,879 at Amazon","Right now at Amazon, you can purchase the Lenovo Legion Pro 7i
 gaming laptop for its lowest price to date. This isn't a casual gaming machine by any means — it's plenty beefy and well-suited for ha… [+1719 chars]","You can take home this Lenovo Legion Pro 7i RTX 4080 gaming laptop for its lowest price to date—just $2,879 instead of its usual $3,199.",2025-01-05T16:13:51Z,Tom's Hardware UK,https://www.tomshardware.com/laptops/gaming-laptops/this-lenovo-legion-pro-7i-rtx-4080-gaming-laptop-is-now-only-usd2-879-at-amazon,Positive
Samsung Good Lock is getting a major overhaul with One UI 7,Samsungs Good Lock customization suite is getting a major overhaul with One UI 7 and it will be available to download globally for all users from the Google Play Store. The news was confirmed by a Sa… [+4626 chars],Samsung’s Good Lock customization suite is getting a major overhaul with One UI 7 and it will be available to download globally for all users from the Google Play Store. The news was confirmed by a Samsung representative via a post on the Samsung Community fo…,2025-01-02T14:03:01Z,GSMArena.com,https://www.gsmarena.com/samsung_good_lock_is_getting_a_major_overahil_with_one_ui_7_-news-65933.php,Positive
"Hiding in the shadows, this Nvidia teaser video might have given us our first look at a Founders Edition RTX 50-series GPU","With CES 2025 mere days away, the rumour mill surrounding Nvidia's next generation GPUs is now spinning at an astonishing rate. The internet is clamouring for any potential info on RTX 50-series grap… [+3316 chars]","It's a bit of a tiddler, so are we looking at the RTX 5070?",2025-01-03T12:05:15Z,PC Gamer,https://www.pcgamer.com/hardware/graphics-cards/hiding-in-the-shadows-this-nvidia-teaser-video-might-have-given-us-our-first-look-at-a-founders-edition-rtx-50-series-gpu/,Neutral
"AMD's FSR 4 will use machine learning but requires an RDNA 4 GPU, promises 'a dramatic improvement in terms of performance and quality'","As part of the AMD announcement today at CES 2025, AMD has taken the lid off the latest version of its upscaling tech, FSR 4. Non-Nvidia GPU users have long lusted after an upscaler that can compete … [+3127 chars]","As an owner of an RDNA 3 card, boo. Still, here's hoping those image quality claims prove out.",2025-01-06T19:45:00Z,PC Gamer,https://www.pcgamer.com/hardware/graphics-cards/amds-fsr-4-will-use-machine-learning-but-requires-an-rdna-4-gpu-promises-a-dramatic-improvement-in-terms-of-performance-and-quality/,Positive
CES 2025: Intel Debuts New Arrow Lake AI CPUs For All Your Laptop Needs,"CES 2025 is now officially underway and that means that the tech industry’s great and the good are now in Las Vegas to show off what they’ve been working on.
Much of it will probably never see the l… [+1471 chars]","Intel has just debuted new Arrow Lake AI CPUs for all your laptop needs. Here are all the details on this.
The post CES 2025: Intel Debuts New Arrow Lake AI CPUs For All Your Laptop Needs first appeared on Redmond Pie.",2025-01-06T19:19:07Z,redmondpie.com,https://www.redmondpie.com/ces-2025-intel-debuts-new-arrow-lake-ai-cpus-for-all-your-laptop-needs/,Positive
New MacBook Air Models Coming Soon With These Rumored Features,"One of Apple's first product announcements of 2025 will likely be updated 13-inch and 15-inch MacBook Air models with the M4 chip.
Below, we recap rumors about the next MacBook Air models.
New Feat… [+2622 chars]","One of Apple's first product announcements of 2025 will likely be updated 13-inch and 15-inch MacBook Air models with the M4 chip.





Below, we recap rumors about the next MacBook Air models.



New Features



Expected



The new MacBook Air models are exp…",2025-01-02T14:42:11Z,MacRumors,https://www.macrumors.com/2025/01/02/what-to-expect-from-2025-macbook-air/,Neutral
How we work: Oliver Haslam's MacBook Pro-powered setup,"While Oliver works from his home office most days, having the setup powered by a 16-inch MacBook Pro means he can work from just about anywhere.
I've been a full-time writer of words for coming up t… [+6046 chars]","While Oliver works from his home office most days, having the setup powered by a 16-inch MacBook Pro means he can work from just about anywhere.This is where I get most of my work done, but the MacBook Pro means I can write anywhere.I've been a full-time writ…",2025-01-01T20:24:07Z,AppleInsider,https://appleinsider.com/articles/25/01/01/how-we-work-oliver-haslams-macbook-pro-powered-setup,Positive
"Nvidia is giving away classic GPUs, framed and signed by the CEO","Skip to contentType your search and hit enter
When you purchase through links in our articles, we may earn a small commission. This doesn't affect our editorial independence
.
It might be cringewo… [+1877 chars]","It might be cringeworthy to be an unpaid cheerleader for an electronics company, but as a PC nerd, even I can’t deny the appeal of classic electronics framed and presented like pieces of art. Throw in a bit of autographed scarcity and it becomes irresistible.…",2025-01-02T16:02:58Z,PCWorld,https://www.pcworld.com/article/2566970/nvidia-is-giving-away-framed-classic-gpus-signed-by-the-ceo.html,Neutral
The 2024 M4 iMac 256GB is $105 Off,"Apple’s latest all-in-one desktop computer is discounted at an attractive rate. Today, the M4 iMac with 16GB Unified Memory and 256GB SSD storage is down to just $1,194 from its original price of $1,… [+688 chars]","Apple’s latest all-in-one desktop computer is discounted at an attractive rate. Today, the M4 iMac with 16GB Unified Memory and 256GB SSD storage is down to just $1,194 from its original price of $1,300 on Amazon. The M4 iMac gives you a 24-inch display with …",2025-01-06T09:57:36Z,iLounge,https://www.ilounge.com/news/the-2024-m4-imac-256gb-is-105-off,Positive
AMD Dazzles CES Crowd With 9950X3D Desktop CPU and Ryzen AI Max Mobile Processors,"At CES 2025, AMD is launching many new CPUs, and the most interesting ones are the high-end AMD Ryzen 9 9950X3D desktop CPU, and the AMD Ryzen AI MAX and MAX Pro for laptops.
The 16-core 9950X3D wit… [+2123 chars]","At CES 2025, AMD is launching many new CPUs, and the most interesting ones are the high-end AMD Ryzen 9 9950X3D desktop CPU, and the AMD Ryzen AI MAX and MAX Pro for laptops.The 16-core 9950X3D with 144MB of cache (!!) is a nice addition to the 7950X3D deskto…",2025-01-06T22:40:50Z,Ubergizmo,https://www.ubergizmo.com/2025/01/amd-dazzles-ces-crowd-with-9950x3d-desktop-cpu-and-ryzen-ai-max-mobile-processors/,Positive
Xiaomi intensifies LLM investment with GPU cluster,"Save my User ID and Password
Some subscribers prefer to save their log-in information so they do not have to enter their User ID and Password each time they visit the site. To activate this function… [+307 chars]","Xiaomi is reportedly in the process of constructing a massive GPU cluster to significantly invest in artificial intelligence (AI) large language models (LLMs). According to a source cited by Jiemian News, Xiaomi's LLM team had already established 6,500 GPU re…",2025-01-02T08:38:59Z,Digitimes,https://www.digitimes.com/news/a20241230PD214/xiaomi-llm-gpu-investment.html,Neutral
I've been testing this AI PC laptop for the last two weeks — It has a unique feature I've never seen before but disappoints in one key area,"In the course of the last 12 months, we've already seen the first two waves of Copilot+ PCs and AI PCs come to the market.
The first round featured the Intel Core Ultra 100 Series (100S) (a.k.a. Met… [+27807 chars]","The Acer Swift 14 AI is an AI PC with an Intel Core Ultra 7 258V processor, Intel Arc Graphics, and a 14-inch IPS touchscreen.",2025-01-01T14:00:00Z,Windows Central,https://www.windowscentral.com/hardware/laptops/acer-swift-14-ai-review,Neutral
Printf Debugging Is OK,"I stopped going on Twitter a while ago because it has the tendency to evoke rage, as it is designed to do. But every now and then I check back in - it can be useful sometimes for keeping up with grap… [+7907 chars]","I stopped going on Twitter a while ago because it has the tendency to evoke rage, as it is designed to do. But every now and then I check back in - it can be useful sometimes for keeping up with graphics research, gamedev news and some people do post nice thi…",2025-01-06T02:42:49Z,Polymonster.co.uk,https://www.polymonster.co.uk/blog/printf-debugging-is-ok,Neutral
Large Concept Models: Language modeling in a sentence representation space,"[Blog][Paper]
This repository provides the official implementations and experiments for Large Concept Models (LCM).
The LCM operates on an explicit higher-level semantic representation,
which we n… [+11305 chars]",Large Concept Models: Language modeling in a sentence representation space - facebookresearch/large_concept_model,2025-01-01T02:38:22Z,Github.com,https://github.com/facebookresearch/large_concept_model,Neutral
6 things you must check when building a NAS with old PC parts,Building your network-attached storage (NAS) from scratch can be exciting but there are some things to consider before repurposing an old PC. You'll want to back up all the data on the old drives bef… [+5330 chars],Some things to bear in mind when turning an old PC into a NAS.,2025-01-02T13:00:18Z,XDA Developers,https://www.xda-developers.com/things-you-must-check-when-building-a-nas-with-old-pc-parts/,Positive
3 components you can skip when building your PC (but you shouldn’t),"Lets say youre on the hunt for the coolest pixel-pushing hardware for your next PC when you realize that youve run out of budget. As it turns out, you dont really need a full repertoire of components… [+3898 chars]",Taking a barebones setup to the next level,2025-01-03T01:01:16Z,XDA Developers,https://www.xda-developers.com/components-you-can-skip-when-building-your-pc-but-you-shouldnt/,Neutral
"I'm a gaming free agent with money to burn. Help me pick between PC, Xbox, and PS5.",I recently purchased Forza Horizon 4 because it was about to be delisted from all digital storefronts. I bought the game despite the fact that I don't own an Xbox or a gaming PC. The fear of missing … [+6424 chars],"I've decided to get back into gaming but can't choose between PC, Xbox, and PS5. This is the first part of a series in which I'll explore each platform and ask for help picking the best one.",2025-01-03T17:06:15Z,Windows Central,https://www.windowscentral.com/gaming/im-a-gaming-free-agent-with-money-to-burn-help-me-pick-between-pc-xbox-and-ps5,Neutral
This is the first mini PC compatible with Microsoft's Copilot+ requirements - and it does look like the Apple Mac Mini M4,"<ul><li>Asus NUC 14 Pro AI is powered by the Core Ultra 9 288V CPU </li><li>It looks a bit like the Mac Mini, but a tad smaller </li><li>Aimed at the B2B market, it will likely be sold at a premium p… [+2395 chars]",The Asus NUC 14 Pro AI comes with a dedicated Copilot button.,2025-01-01T16:03:00Z,TechRadar,https://www.techradar.com/pro/this-is-the-first-mini-pc-thats-compatible-with-microsofts-copilot-requirements-and-it-does-look-like-the-apple-mac-mini-m4,Neutral
Micron wants a bigger slice of the $100 billion HBM market with its 2026-bound HBM4 and HBM4E memory solutions,"<ul><li>US semiconductor giant discloses HBM4 product launch in 2026, followed by HBM4E</li><li>These are likely to be used by Nvidia's Rubin R100 GPU and AMD's successor to the Instinct MI400x </li>… [+2758 chars]",Micron HBM3E 8H is included in Nvidia’s Blackwell B200 and GB200 platforms.,2025-01-04T23:25:00Z,TechRadar,https://www.techradar.com/pro/micron-wants-a-bigger-slice-of-the-usd100-billion-hbm-market-with-its-2026-bound-hbm4-and-hbm4e-memory-solutions,Neutral
AMD's throwing the considerably hefty Ryzen 9 9950X3D at gaming laptops and calling it a Ryzen 9 9955HX3D,"AMD isn't pulling any punches in gaming laptops. The company's latest plan announced over at CES 2025 is to take its beefiest 16-core/32-thread processor, whack loads more cache on the top, and run i… [+2137 chars]",That's one beefy laptop chip. If you can even call it that.,2025-01-06T19:45:00Z,PC Gamer,https://www.pcgamer.com/hardware/processors/amds-throwing-the-considerably-hefty-ryzen-9-9950x3d-at-gaming-laptops-and-calling-it-a-ryzen-9-9955hx3d/,Negative
"PowerColor Teases Radeon RX 9070 XT ""Red Devil"" GPU","Oh interesting, I didn't think the 9070 would qualify for a ""Red Devil"" level card, but maybe it has more grunt than initially thought.Either way, good news, PowerColor make great cards. I highly rec… [+62 chars]","PowerColor has prepared its highest-end Radeon RX 9070 XT GPU in the ""Red Devil"" family. In a post on the social media platform X, PowerColor shared the below picture with the following words: ""Every edge shines like a gem. Every second burns like fire. If po…",2025-01-03T09:04:59Z,Techpowerup.com,https://www.techpowerup.com/330461/powercolor-teases-radeon-rx-9070-xt-red-devil-gpu,Positive
Intel Arc GPU Graphics Drivers 101.6449 WHQL Released,"Intel has released the latest version of its Arc GPU Graphics Drivers, Version 101.6449 WHQL. The latest drivers are actually the launch driver for Intel Core Processor N-Series and Series 2, codenam… [+5601 chars]","Intel has released the latest version of its Arc GPU Graphics Drivers, Version 101.6449 WHQL. The latest drivers are actually the launch driver for Intel Core Processor N-Series and Series 2, codename Twin Lake, Raptor Lake-H Refresh, Raptor Lake-U Refresh. I…",2025-01-03T13:35:51Z,Techpowerup.com,https://www.techpowerup.com/330471/intel-arc-gpu-graphics-drivers-101-6449-whql-released,Neutral
HP ZBook Ultra 14 G1a mobile workstation with AMD Strix Halo packs up to 16 CPU cores and 40 GPU compute units into a laptop,The HP ZBook line of mobile workstations are high-performance laptop computers that typically feature discrete graphics tuned for professional use. But the new HP ZBook Ultra 14 G1a features integrat… [+3035 chars],The HP ZBook line of mobile workstations are high-performance laptop computers that typically feature discrete graphics tuned for professional use. But the new HP ZBook Ultra 14 G1a features integrated graphics that HP says are powerful enough to make a discr…,2025-01-06T19:45:24Z,Liliputing,https://liliputing.com/hp-zbook-ultra-14-g1a-mobile-workstation-with-amd-strix-halo-packs-up-to-16-cpu-cores-and-40-gpu-compute-units-into-a-laptop/,Positive
